name,lat,long
10/16 ART GALLERY,30.74824,76.78451
12/11 (Rally Chowk),30.68036,76.8523
16/10 ROSE GARDEN,30.74819,76.78425
17 chowk,30.73342,76.77971
39 Grain Market,30.74417,76.72341
3 BRD (Base Repair Depot),30.68861,76.78544
48 Motor Market/Jagatpura-,30.68565,76.76065
"AANCHAL INTERNATIONAL SCHOOL, SECTOR 41 D",30.73316,76.73662
Aanganwadi Building Mauli Jagran,30.69647,76.82844
"Aayushman bharat health and wellness centre, Daria",30.70004,76.81561
Aero City Block D,30.64933,76.74038
Air Force Station,30.6491,76.78964
"A.K.S.I.P.S. SMART SCHOOL,SECTOR 41B",30.73149,76.74357
AL1,30.72845,76.80983
AL11,30.7318,76.84833
AL3,30.75634,76.7546
AL4,30.72412,76.751
AL5,30.71998,76.77085
"AL6,10",30.70763,76.82828
AL7,30.71283,76.84252
"AL8,9",30.70897,76.83274
Ambika Florence,30.81433,76.71292
Amity University,30.643,76.7382
"Anganwadi 2 Creche near civil dispensary, Daddu majra",30.75815,76.73673
"Anganwadi Building no 1, Maloya Colony Chandigarh",30.75362,76.72003
"Anganwadi Building no 1 Near Police Post, Sector 56 Chandigarh",30.73934,76.71631
"Anganwadi Building no 2-3, New Indira Colony",30.7208,76.84413
"Anganwadi Building no 2, Maloya Colony Chandigarh",30.75541,76.72115
"Anganwadi Building no 3, Maloya Colony Chandigarh",30.75982,76.72415
Anganwadi centre near sant nirankari bhawan ramdarbar,30.69274,76.79325
Anganwadi centre near vishvakarma mandir ramdarbar,30.69222,76.79081
"ANGANWADI CENTRE NO-1, SECTOR-26, Bapu Dham",30.72017,76.81628
Anganwadi Centre Ramdarbar,30.68865,76.78998
"Anganwadi composite building no 3/4 near Community Centre, Daddu majra",30.75406,76.74058
"Anganwadi composite building no 3 near Community Centre, Daddu majra",30.75415,76.74014
"Anganwadi composite building no 4 near Community Centre, Daddu majra",30.75411,76.73968
"Anganwadi cum Creche Centre Building no 2, Sector 56 Chandigarh",30.74002,76.71837
"ANKUR NURSERY SCHOOL PANJAB UNIVERSITY, SECTOR 14, CHANDIGARH",30.75938,76.76304
Aroma,30.7306,76.77496
Attawa Chowk towards 43,30.7252,76.75063
Attawa Chowk towards Kissan Bhawan,30.72648,76.75259
Attawa/Sector 36/42,30.73072,76.74798
Attawa/Sector 42/36,30.72978,76.7487
BACK SIDE POLICE LINE Sector 26,30.72707,76.81359
Bakarpur,30.63294,76.76522
Balongi,30.73351,76.6954
Baltana,30.66808,76.82636
Bansepur/Omaxe Cassia,30.79041,76.7131
"BANYAN TREE SCHOOL, SECTOR-48",30.68981,76.76106
Bassi Light Point(U.T. Barrier),30.72173,76.7305
Behlana Old Airport,30.67522,76.79857
Bella Homes,30.60208,76.84867
Bell Factory,30.68658,76.83427
Bhabat,30.65498,76.80408
Bhaddal,30.92896,76.57639
Bhankarpur (Down),30.60672,76.83736
Bhankarpur (Up),30.6066,76.83722
Bird Park,30.74727,76.80786
Block,30.83393,76.67339
"B.M.D. PUBLIC SCHOOL, SECTOR 63",30.69525,76.74085
Boothgarh/Kartarpur,30.83416,76.68856
"BRITISH (SANJAY) PUBLIC SCHOOL , SECTOR 44",30.7115,76.75735
Brodhi,30.83367,76.63524
Cantonment,30.72137,76.87465
"CARMEL CONVENT SCHOOL , SECTOR - 9B, CHANDIGARH",30.74624,76.7954
C.C.E.T. 26,30.72773,76.80896
"CENTRAL POULTRY FARM, INDUSTRIAL AREA, PHASE-1",30.69511,76.80115
"CHANDIGARH BAPTIST SCHOOL, SECTOR 45",30.7069,76.75289
Chappar Chiri,30.70927,76.65721
Chatt Morr,30.62509,76.79226
Chatt Village,30.6138,76.79018
Chawala Hospital Chowk (Down),30.70843,76.7239
Chhatbir Zoo Parking,30.60634,76.7907
Chhattbir ZOO,30.60785,76.79447
"CITY BANQUET, (OLD JANJ GHAR) SECTOR -23D, Chandigarh",30.73751,76.76339
Colony No. 4,30.70052,76.80334
Command Hospital (Down),30.71087,76.85463
Command Hospital (Up),30.71071,76.85432
"COMMUNITY CENTER, DHANAS",30.77058,76.75592
"COMMUNITY CENTER, MILK COLONY, DHANAS",30.76586,76.74858
"COMMUNITY CENTER, VILLAGE MALOYA",30.75363,76.71757
"COMMUNITY CENTRE, BHAGWANPURA, VILLAGE KISHANGARH, Chandigarh",30.73277,76.8304
"COMMUNITY CENTRE, MAULI JAGRAN COLONY, PART 2, CHANDIGARH",30.68762,76.81648
"Community Centre near anganwadi composite building no 4, Daddu majra(Harijan Dharamshala)",30.75362,76.73999
"COMMUNITY CENTRE, NEAR SHIVALIK PARK, MANIMAJRA",30.71679,76.83582
Community Centre near small flats Maloya,30.75884,76.71717
"COMMUNITY CENTRE, NEAR THAKURDWARA, MANIMAJRA",30.71306,76.83398
"COMMUNITY CENTRE, PHASE 2, RAMDARBAR, CHANDIGARH",30.69308,76.79014
"COMMUNITY CENTRE, SARANGPUR",30.78039,76.75521
"COMMUNITY CENTRE, SECTOR-22B, Chandigarh",30.73217,76.77491
"COMMUNITY CENTRE, SECTOR 25-B",30.75328,76.75886
"COMMUNITY CENTRE, SECTOR 38 WEST",30.75041,76.73701
"COMPOSITE ANGANWADI CENTRE, BAPU DHAM COLONY, SECTOR-26",30.72013,76.81772
"CRECHE NEAR GOVT MODEL Sr Sec SCHOOL , SECTOR - 22A",30.73663,76.77339
CTU Depot 2,30.71025,76.81256
CTU Workshop,30.71101,76.81358
CTU Workshop (UP),30.71099,76.8117
CVRM DAV School,30.59567,76.84712
D1,30.73808,76.81502
D2,30.73657,76.81715
D3,30.73558,76.82119
D4,30.73579,76.8243
D5,30.73715,76.82775
D6,30.73775,76.82858
Daddu Majra Colony,30.75456,76.74626
Dadu Majra Colony,30.75402,76.73659
Dadu Majra Village,30.75939,76.73487
Daffarpur,30.64311,76.8823
Daun (Down),30.73797,76.68208
Daun (Up),30.73823,76.68223
"DAV MODEL SR SEC SCHOOL, SECTOR-15A, Chandigarh",30.75479,76.77558
"DAV MODEL Sr SEC SCHOOL, SECTOR - 8C, CHANDIGARH",30.7375,76.79726
Dayalpura,30.63941,76.78723
"D C MONTESSORI (SR. SEC. SMART) SCHOOL, MANIMAJRA",30.71078,76.83344
Depot 3 Workshop,30.75378,76.74884
Depot 4,30.71503,76.7455
Dera Bassi,30.58516,76.84404
Derri,30.62083,76.69161
Desu Majra,30.74144,76.6712
Devilal chowk Panchkula,30.68331,76.86726
Dhakoli,30.65539,76.8441
Dhakoli Border,30.65806,76.84479
Dhanas Colony,30.7749,76.7527
Dhanas (Down),30.76946,76.75026
Dhanas Lake,30.76503,76.75476
Dhanas near Bridge,30.76078,76.74459
Dhanas (Up),30.76975,76.74999
DLF Chowk,30.81069,76.73015
DM Bridge,30.75818,76.74405
Doda Majra,30.81014,76.72105
Dolphin Chowk,30.72945,76.8521
"DRONACHARYA SPORTS STADIUM,VILLAGE DADUMAJRA",30.75958,76.73336
Eco City-2 Block C Takipur,30.82979,76.71605
Eco City-2 Block D,30.83555,76.71589
ECO City New Chandigarh,30.81707,76.73267
Elante Mall (Down),30.70589,76.79668
Elante Mall (Up),30.70515,76.79725
Faidan Village,30.68844,76.76542
Fatehpur,30.83184,76.61245
Ferozpur (Down),30.8148,76.73855
Ferozpur (Up),30.81832,76.73821
Fire Brigade Phase-2 Towards Ramdarbar,30.69655,76.78643
Fire Brigade Phase-2 Towards Sector 31,30.69668,76.78634
Focal Point/Silver City,30.60775,76.85007
Fortis Hospital,30.69383,76.73081
Fortis-PSEB (Down),30.69608,76.73193
Franco,30.72672,76.724
Furniture Chowk(UT Border),30.72729,76.73384
Geeta Bhawan Chowk,30.70317,76.85024
"G.G.M.S.S.SCHOOL, SECTOR-18C, Chandigarh",30.73333,76.78774
"G.G.M.S.S.SCHOOL, SECTOR-20B, Chandigarh",30.72221,76.7857
G.M.C.H. 32,30.70859,76.78304
"G.M.S.S.SCHOOL, SECTOR-19C, Chandigarh",30.72672,76.79036
"G.M.S.S.School, Sector 20D, Chandigarh",30.72066,76.77602
"G.M.S.S.SCHOOL, SECTOR-21A, Chandigarh",30.72737,76.77747
"G.M.S.S.SCHOOL, SECTOR-27C, Chandigarh",30.72087,76.79701
"G.M.S.S.SCHOOL, TIMBER MARKET, SECTOR-26, Chandigarh",30.72166,76.81477
"G.M.S.S.School, Village Dhanas",30.76889,76.75113
Golden Sand Apartment Dhakoli,30.64677,76.84321
Golf Range,30.73696,76.81093
"GOVERNMENT COLLEGE OF COMMERCE & BUSINESS ADMINISTRATION, SECTOR 50-C",30.69675,76.74581
GOVERNMENT HIGH SCHOOL SECTOR 52,30.71328,76.73228
GOVERNMENT HIGH SCHOOL (SMART) SECTOR 50 B,30.69996,76.74996
"GOVERNMENT MODEL HIGH SCHOOL, SECTOR 49 D",30.69281,76.74974
GOVERNMENT MODEL SENIOR SECONDARY SCHOOL RC‐1 SMALL FLATS MALOYA,30.75343,76.7139
Govind Vihar,30.66558,76.82591
"GOVT COLLEGE OF EDUCATION, SECTOR-20D, Chandigarh",30.71976,76.77777
"Govt High School and Community Centre, New Indira Colony",30.72186,76.84332
"GOVT HIGH SCHOOL HALLOMAJRA, CAMPUS 2, INDUSTRIAL AREA, PHASE-1",30.69102,76.80055
"GOVT HIGH SCHOOL, MALOYA COLONY",30.7591,76.72357
"GOVT HIGH SCHOOL, SEC-38 B",30.74352,76.74949
"GOVT HIGH SCHOOL, SECTOR-19D",30.72855,76.79144
"GOVT HIGH SCHOOL, SECTOR 24 A",30.74846,76.76332
"GOVT HIGH SCHOOL, SECTOR-30A",30.71549,76.78893
GOVT HIGH SCHOOL SECTOR 32 D,30.70891,76.77032
"GOVT HIGH SCHOOL, SECTOR 46 C",30.69789,76.76267
"GOVT HIGH SCHOOL, SECTOR-47A",30.69921,76.77035
"GOVT. HIGH SCHOOL, SECTOR 54",30.72783,76.72923
"GOVT HIGH SCHOOL (SMART), SECTOR 53",30.71847,76.73537
"GOVT HIGH SCHOOL, VILLAGE DADU MAJRA",30.75834,76.73274
"GOVT HIGH SCHOOL, VILLAGE DARIA",30.69955,76.81559
"GOVT INDUSTRIAL TRAINING INSTITUTE, SECTOR-28C, Chandigarh",30.71364,76.7996
"GOVT MIDDLE SCHOOL, SECTOR-26, Bapu Dham",30.72036,76.81696
GOVT MIDDLE SCHOOL SECTOR 33 B,30.7135,76.77196
"Govt Middle School, Sector 56 Chandigarh",30.73727,76.7169
GOVT MIDDLE SCHOOL VILLAGE BURAIL,30.70788,76.75832
"GOVT MODEL HIGH SCHOOL, KARSAN RAM DARBAR, PHASE 1, CHANDIGARH",30.69097,76.78806
"GOVT MODEL HIGH SCHOOL, KHUDA JASSU",30.7733,76.77049
"Govt Model High School, kishangarh",30.73324,76.83001
"GOVT. MODEL HIGH SCHOOL, MAKHAN MAJRA, CHANDIGARH",30.68333,76.8199
"GOVT MODEL HIGH SCHOOL, MAULI JAGRAN COLONY, CHANDIGARH",30.69466,76.82647
"GOVT MODEL HIGH SCHOOL, NEAR BUS STAND, MANIMAJRA",30.71398,76.8418
Govt Model High School Pocket no 1,30.71214,76.84075
"GOVT. MODEL HIGH SCHOOL, POCKET NO-8, MANIMAJRA",30.71952,76.84085
"GOVT MODEL HIGH SCHOOL (RC-1), DHANAS",30.77339,76.74687
"GOVT MODEL HIGH SCHOOL (RC-2), DHANAS",30.7715,76.74408
GOVT MODEL HIGH SCHOOL RC‐II SMALL FLATS MALOYA,30.76151,76.72076
"Govt Model High School, Sec 29B, Chandigarh",30.70985,76.79376
"GOVT. MODEL HIGH SCHOOL, SEC-37 C",30.73498,76.74761
"GOVT MODEL HIGH SCHOOL, SEC-43 A",30.72163,76.75057
"GOVT MODEL HIGH SCHOOL, SECTOR-11A, CHANDIGARH",30.7614,76.78612
"GOVT MODEL HIGH SCHOOL, SECTOR-20D, Chandigarh",30.72161,76.77776
"GOVT MODEL HIGH SCHOOL, SECTOR-22C, Chandigarh",30.731,76.76839
"GOVT MODEL HIGH SCHOOL, SECTOR-25",30.75174,76.75897
"GOVT MODEL HIGH SCHOOL, SECTOR-26, Chandigarh",30.72225,76.81189
"GOVT MODEL HIGH SCHOOL, SECTOR-28C, Chandigarh",30.71444,76.80083
"GOVT MODEL HIGH SCHOOL, SECTOR-29A",30.71124,76.79223
"GOVT MODEL HIGH SCHOOL, SECTOR 31 C, CHANDIGARH",30.69941,76.77794
"GOVT MODEL HIGH SCHOOL, SECTOR 34 C",30.71786,76.76321
"Govt Model High School, Sector 35D",30.72789,76.7579
"GOVT MODEL HIGH SCHOOL, SECTOR 38 D",30.74393,76.74231
"GOVT MODEL HIGH SCHOOL, SECTOR 38(WEST)",30.75384,76.73342
"Govt Model High School, Sector 40A",30.74048,76.7365
"GOVT. MODEL HIGH SCHOOL, SECTOR 41A",30.73506,76.74129
"GOVT. MODEL HIGH SCHOOL, SECTOR 42 B",30.72664,76.74653
"GOVT MODEL HIGH SCHOOL, SECTOR-48D",30.68784,76.7539
"Govt Model High School, Sector 7C, Chandigarh",30.7326,76.80073
"GOVT MODEL HIGH SCHOOL, VIKAS NAGAR, MAULI JAGRAN, CHANDIGARH",30.69194,76.82333
"GOVT. MODEL HIGH SCHOOL, VILLAGE BADHERI",30.73085,76.73668
"GOVT MODEL MIDDLE SCHOOL, MODERN COMPLEX (INSIDE), MANIMAJRA",30.71691,76.83065
"GOVT. MODEL MIDDLE SCHOOL, POCKET NO-10, MANIMAJRA",30.71509,76.83308
"Govt Model Middle School, Sector 23D",30.73771,76.7618
"GOVT MODEL MIDDLE SCHOOL, SECTOR 45",30.71041,76.76178
"Govt Model Middle School, Sector 49D",30.69417,76.74672
"GOVT MODEL NURSERY SCHOOL, Building No 32, SECTOR-7A",30.73967,76.80748
"GOVT. MODEL SENIOR SECONDARY SCHOOL, MODERN HOUSING COMPLEX, MANIMAJRA",30.71137,76.83242
"GOVT. MODEL SENIOR SECONDARY SCHOOL, SECTOR 35 D",30.72515,76.75686
"GOVT. MODEL SENIOR SECONDARY SCHOOL, SECTOR 37B",30.7391,76.75315
"GOVT. MODEL SENIOR SECONDARY SCHOOL, SECTOR 39C",30.74144,76.72785
"GOVT. MODEL SENIOR SECONDARY SCHOOL, SECTOR 40B",30.73855,76.73779
"GOVT MODEL SENIOR SECONDARY SCHOOL , SECTOR 44B",30.71397,76.75737
"GOVT MODEL SENIOR SECONDARY SCHOOL,SECTOR 45C",30.7031,76.75637
"GOVT. MODEL SENIOR SECONDARY SCHOOL , SECTOR 46 D",30.70139,76.76152
"GOVT MODEL SENIOR SECONDARY SCHOOL, SECTOR-47D",30.69453,76.76631
"GOVT. MODEL SENIOR SECONDARY SCHOOL, SECTOR 56",30.73772,76.72219
"GOVT MODEL SENIOR SECONDARY SCHOOL, VILLAGE BEHLANA",30.67729,76.80095
"GOVT MODEL SR SECONDARY SCHOOL , VILLAGE-KAIMBWALA",30.75849,76.82258
"GOVT MODEL Sr Sec SCHOOL, DADUMAJRA COLONY",30.75574,76.73786
"GOVT MODEL Sr Sec SCHOOL, KARSAN RAMDARBAR, PHASE 2, CHANDIGARH",30.69198,76.79152
"GOVT MODEL Sr SEC SCHOOL, KHUDA ALI SHER",30.77653,76.80971
"GOVT MODEL Sr. Sec SCHOOL, RAIPUR KALAN, CHANDIGARH",30.68438,76.82547
"GOVT.MODEL.SR SEC.SCHOOL, SARANGPUR",30.78059,76.76357
"GOVT MODEL SR SEC SCHOOL , SECTOR - 10A, CHANDIGARH",30.75654,76.78911
"GOVT MODEL Sr SEC SCHOOL, SECTOR-15C, CHANDIGARH",30.74923,76.76975
"GOVT MODEL SR SEC SCHOOL, SECTOR-16C, Chandigarh",30.74672,76.77631
"GOVT MODEL Sr SEC SCHOOL, SECTOR-22A, Chandigarh",30.73539,76.77403
"Govt. Model Sr. Sec. School, Sector-23A, chandigarh",30.74451,76.76896
"GOVT.MODEL Sr Sec SCHOOL, SECTOR 32 C",30.70711,76.77203
"GOVT MODEL Sr Sec SCHOOL, SECTOR 33 D",30.71324,76.7673
"GOVT. MODEL Sr Sec SCHOOL, SECTOR 37 D",30.73751,76.74697
"GOVT MODEL Sr SEC SCHOOL , SECTOR - 8B, CHANDIGARH",30.73992,76.79954
"GOVT PRIMARY SCHOOL POCKET NO-1, MANIMAJRA",30.71401,76.83983
GOVT. PRIMARY SCHOOL (RC-3) DHANAS,30.76948,76.74776
"GOVT. PRIMARY SCHOOL, SECTOR-12, CHANDIGARH",30.7674,76.77003
"GOVT PRIMARY SCHOOL, SECTOR-26(TM), Bapu Dham",30.71859,76.81717
"GOVT SENIOR SECONDARY SCHOOL, MANIMAJRA TOWN, Chandigarh",30.72007,76.82919
"GOVT SENIOR SECONDARY SCHOOL, VILLAGE RAIPUR KHURD",30.67934,76.81128
"GOVT SR SEC SCHOOL, KHUDA LAHORA",30.77463,76.76991
GOVT Sr Sec SCHOOL SECTOR 45 A,30.70924,76.75669
"GOVT. SR. SEC. SCHOOL., VILLAGE - MAULI JAGRAN, CHANDIGARH",30.692,76.82582
Gurudhwara Chowk,30.71467,76.77855
"GURU HARKRISHAN PUBLIC SCHOOL, SECTOR 40C",30.73346,76.7336
"GURUKUL GLOBAL SCHOOL, MANIMAJRA, Chandigarh",30.72317,76.83521
Guru Nanak,30.73913,76.773
"GURU NANAK KHALSA SENIOR SECONDARY SCHOOL, SECTOR-30",30.71569,76.7911
Guru Nanak Public School Sector 36 Chandigarh,30.73253,76.75308
"GYMNASIUM HALL CCA , PEC, SECTOR -12, CHANDIGARH",30.76786,76.78932
Hallo Majra (Down),30.69408,76.80027
Hallo Majra (UP),30.69384,76.79988
Haripur,30.93049,76.67295
HDFC Head Office Chowk,30.63455,76.72671
High Court (Up & Down),30.7578,76.80278
Homi Bhabha Hospital,30.81583,76.7382
Hoshiarpur,30.83573,76.72421
Housing Board Chowk,30.70811,76.83675
Housing Board Chowk Towards ISBT 43,30.7076,76.83548
Housing Board Chowk Towards Panchkula,30.70901,76.83895
Housing Board Towards 9/16,30.70717,76.83773
Indira Colony Down,30.72022,76.83785
Indira Colony Up,30.7202,76.84075
Industrial Area Phase-1,30.71393,76.8087
Industrial Area Phase -1/ Sector 28,30.71124,76.80204
Industrial Area Phase 2,30.69591,76.78643
Industrial Area Phase 2 in front Tata Motors,30.69905,76.78505
Industrial Area Phase 2 near passport office,30.69934,76.78482
Industrial Area Phase 2 near PRTC,30.7032,76.78892
Industrial Area Phase 2/Phase 1,30.7017,76.79192
IRB Camp,30.79185,76.76772
ISBT 17,30.73637,76.77837
I.S.B.T. 17 BackSide,30.74184,76.78818
ISBT 17 (Sector 22/17),30.73506,76.77998
ISBT 43,30.71709,76.74341
ISBT Mohali,30.73183,76.70561
"I.S.DEV SAMAJ Sr Sec SCHOOL, SECTOR-21C, Chandigarh",30.72436,76.77328
IT Park (Down),30.73026,76.84546
IT Park Up,30.72975,76.84327
IVY Hospital (Down),30.70736,76.70798
IVY Hospital (Up),30.70698,76.70698
Jagatpura/ 48 Motor Market,30.68547,76.76079
Jal Vayu Tower,30.75362,76.6741
"JANJ GHAR, BURAIL",30.70747,76.7638
"JANJ GHAR, COMMUNITY CENTRE, SECTOR-47B",30.69628,76.76997
"JAWAHAR NAVODAYA VIDYALAYA, SECTOR 25",30.7572,76.75755
Jayanti Majri,30.82304,76.7761
Jhande Majra,30.85283,76.65244
Jhungiyan,30.62552,76.77884
Jhurheri,30.66798,76.77983
Jujhar Nagar,30.75038,76.7047
Kaali Baari Mandir towards 3BRD,30.69551,76.77887
Kaali Baari Mandir towards 47,30.69511,76.77899
Kaimbwala 1,30.75641,76.82911
Kaimbwala 2,30.75668,76.82146
Kakrali,30.63736,76.87694
Kalagram Down,30.7097,76.82869
Kalagram Up,30.70827,76.83086
Kansal,30.76489,76.80487
Kendriya Sadan,30.7429,76.77998
"KENDRIYA VIDYALAYA, SECTOR-29B",30.71108,76.79757
KFC,30.74106,76.67507
Kharar,30.75163,76.63874
Khera,30.85121,76.66278
Khizrabad,30.87517,76.65462
Khuda Alisher,30.77312,76.80892
Khuda Lahora Bridge,30.77195,76.76956
Khuda Lahora (Down),30.77572,76.7698
Khuda Lahora (Up),30.77592,76.7699
Kishan bhavan,30.73294,76.76302
Kishangarh Down,30.73093,76.83029
Kishangarh Up,30.73101,76.83227
Kubaheri,30.87729,76.67323
Kurali,30.83061,76.58182
K.V. School- 29,30.71146,76.79731
K.V. School-31,30.70432,76.77958
Lake Chowk,30.7408,76.80771
Lake mod,30.74956,76.80588
Lakhnaur,30.69476,76.68441
Lakhnaur (DC Office Mohali),30.69387,76.69042
Landran (Down),30.69139,76.66531
Landran (Up),30.69061,76.66342
"LIBRARY NEAR GOVT Sr Sec SCHOOL, DADUMAJRA COLONY",30.75593,76.73915
Lohgarh,30.64437,76.80773
"LOHIA INTERNATIONAL SCHOOL, MANIMAJRA",30.71025,76.83182
Madanpur 32 (Down),30.66552,76.89038
Madanpur 32 (Up),30.66554,76.88979
Madanpur (Down),30.7171,76.72338
Madanpur (Up),30.71809,76.72481
Majra/Siswan T/P,30.84587,76.72057
Majri Chowk,30.69965,76.87275
Maloya,30.7522,76.7176
Maloya Mod/Anaj Mandi Towards Maloya,30.74662,76.72703
Maloya Mod/Anaj Mandi Towards Water Works,30.74701,76.7271
ManakPur/Sangatpura,30.84883,76.68416
Manauli,30.64243,76.7236
Manav International School,30.64585,76.74016
Mani Majra,30.71343,76.84331
Mani Majra Fun Republic,30.71211,76.84389
Mani Majra Fun Republic(UP),30.71421,76.84435
ManiMajra Outer,30.71534,76.84473
Mani Majra Town,30.71971,76.82995
Mansa Devi Complex,30.72067,76.85274
Mata Mansa Devi,30.72377,76.85816
Mauli Jagran,30.68816,76.82378
Mauli Nabi,30.67316,76.72634
"MCM COLLEGE FOR WOMEN, SECTOR 36",30.73474,76.75717
"MDAV HIGH SCHOOL, SECTOR-22A, CHANDIGARH",30.73693,76.77244
MedCity Light,30.8139,76.73884
Mianpur,30.94474,76.53368
Milk Colony Towards Barrier,30.76472,76.74688
Milk Colony Towards Depot 3,30.76521,76.74723
Mini Park,30.73517,76.76675
Mini Secretariat (Down),30.75188,76.79404
Mini Secretariat (Up),30.75087,76.79264
MLA flat chowk,30.75594,76.80057
MLA Flats (Down),30.75522,76.79943
MLA Flats (Up),30.7547,76.79857
Modern Complex,30.71616,76.83102
Moginanad/Sector 25 (Down),30.67221,76.89018
Moginanad/Sector 25 (Up),30.67188,76.88983
Mohali Bus Stand,30.69711,76.72695
Morni T-Point,30.68935,76.89032
"MOTI RAM ARYA SENIOR SECONDARY SCHOOL, SECTOR-27A, Chandigarh",30.72478,76.7994
Mouli Nabi (Down),30.66722,76.71715
Mubarkpur,30.61309,76.85136
Mullanpur,30.80163,76.74338
Nabha Sahib,30.64164,76.80126
Nabha Sahib (Down),30.64016,76.80429
Nabha Village,30.64192,76.8008
Nada Sahib,30.69501,76.88289
Nada Village,30.78356,76.79483
Nandiali,30.66408,76.7726
Naya Gaon,30.76927,76.79225
New Airport,30.66836,76.78508
New Airport Chowk- Mohali (Down),30.64119,76.75491
New Airport Chowk- Mohali (Up),30.64401,76.75549
"NEW COMMUNITY CENTRE, SECTOR 56",30.73642,76.71747
"NEW COMMUNITY CENTRE, VIKAS NAGAR, MAULI JAGRAN, CHANDIGARH",30.69841,76.8314
New Creche building near anganwadi centre ramdarbar,30.69209,76.79063
"New Creche building, Sector 27C",30.72048,76.79797
New Maloya Colony,30.75985,76.71566
New OPD (Down),30.76213,76.78179
New OPD (Up),30.76182,76.78159
"NEW PUBLIC SCHOOL, SECTOR-18B",30.73537,76.79093
Old Barrier,30.72997,76.72111
"OLD COMMUNITY CENTRE, VIKAS NAGAR, MAULI JAGRAN, CHANDIGARH",30.69165,76.82161
Old Panchkula (PKL),30.70714,76.87327
Omaxe Phase-1/2,30.81224,76.70558
Omaxe Tower,30.82363,76.73503
Omax Phase-II,30.80941,76.70632
Palsora (Chandigarh),30.73021,76.72744
"PANCHAYAT GHAR NEAR SAMPARK CENTER, DHANAS",30.77483,76.75045
Panchkula Bus Stand,30.69227,76.85383
"Parchh, Punjab",30.79995,76.78423
Paroul (Down),30.82784,76.73149
Paroul (Up),30.82884,76.7366
Patiala Road Airport Lights,30.62272,76.7872
Paultry Farm,30.69604,76.8001
P.B. Border,30.68217,76.82532
PGI,30.76222,76.77324
PGI(UP),30.75947,76.77541
Phase-11 (Mohali),30.67652,76.74664
Phase-3/5 (Down),30.71442,76.71924
Phase-3/5 (Up),30.71401,76.7181
Phase 6 - 35,30.73747,76.71565
Phase-6 (U.T Border) A,30.7382,76.71463
Phase-6 (U.T Border) C,30.73847,76.71495
Phase-7 (Down),30.70394,76.72697
Phase-7 (Up),30.70383,76.72676
Phase 8/Amb sahib,30.69889,76.7309
picardly chowk,30.72629,76.76831
Plaksha University,30.63189,76.72698
Platinum Homes/Sanauli,30.63673,76.8461
Police Line Sec-25,30.66919,76.89012
"POST GRADUATE GOVT COLLEGE FOR GIRLS, SECTOR 42",30.72536,76.73851
"POST GRADUATE GOVT. COLLEGE, SECTOR 46B",30.70177,76.76951
P.S.E.B. Sector 62,30.69587,76.73401
Punjab Civil Secratariat,30.76268,76.79969
Punjab Engineering College (PEC),30.7639,76.78535
"PUNJAB MLA HOSTEL CANTEEN, SECTOR 4, CHANDIGARH",30.75467,76.79992
Purkhali,30.93655,76.63415
Railway Crossing Towards Manimajra,30.7124,76.82295
Railway Crossing towards Railway Station,30.71185,76.82229
Railway Station (Chandigarh),30.70261,76.81909
Railway Station (Mohali),30.66655,76.73947
Raipur,30.66243,76.70917
Raipur Kalan (U.T. Border),30.6846,76.82701
Raipur Khurd,30.67808,76.80831
Raipur Khurd-1,30.68027,76.8072
Raipur Khurd Towards Zirakpur,30.67581,76.80971
Ram Darbar,30.69344,76.78826
Ramgarh,30.64676,76.88557
Rangilpur,30.91957,76.54277
Rasulpur,30.81044,76.71691
R.B.P. City,30.62112,76.70694
"RIMT WORLD SCHOOL, MANIMAJRA, Chandigarh",30.71672,76.8352
Risort Lake,30.82223,76.72588
Rock garden towards lake,30.75133,76.8044
Rock garden Towards Sectt.,30.75194,76.80387
Ropar,30.98209,76.52321
Saini Majra,30.80088,76.70673
Saketri,30.74624,76.84447
Saneta,30.64181,76.685
Santemajra,30.72083,76.65271
Sarangpur Barrier (Down),30.78638,76.75563
Sarangpur Barrier (Up),30.78598,76.7566
Sarangpur School (Down),30.78267,76.76034
Sarangpur School (UP),30.78333,76.75953
Sarangpur Village (Down),30.7802,76.75435
Sarangpur Village (UP),30.77954,76.75416
SAUPIN SCHOOL SECTOR 32 A,30.71143,76.77681
"S.D. SAINI PUBLIC SCHOOL, SECTOR 38C",30.74129,76.74272
"SD SR SEC SCHOOL, SECTOR 24 C",30.74335,76.75826
Sec-39/Water Works--13 A Towards ISBT 43,30.74698,76.72843
Sec-39/Water Works--13 C,30.7472,76.72812
Sector 09/10,30.7531,76.7963
Sector 10/09,30.75325,76.79606
Sector 10/09 near Matka Chowk,30.74782,76.7874
Sector 10/11,30.75861,76.78966
Sector 10/11 Panchkula,30.68762,76.84974
Sector 10/15 Panchkula,30.68781,76.84431
Sector 10/16 General Hospital,30.75156,76.78185
Sector 104,30.64624,76.68584
Sector 10D/11,30.75611,76.78572
Sector 10 Market,30.75433,76.78789
Sector 11/10,30.758,76.78859
Sector 11/10 Panchkula,30.68787,76.85056
Sector 11/12 Rally Chowk Panchkula,30.6805,76.85212
Sector 11/15,30.75663,76.77767
Sector 11/4,30.68784,76.85546
Sector-119/74,30.71813,76.68878
Sector 11A/2 PEC,30.76463,76.78688
Sector 11B/10,30.75751,76.78794
Sector 11C/10,30.75347,76.78153
Sector 11 Market,30.75989,76.78308
Sector 12/2,30.76548,76.78815
Sector 123 (Mohali),30.76475,76.6681
Sector 125 (Mohali),30.75667,76.66944
Sector 12 Panchkula (Down),30.68343,76.85539
Sector 12 Panchkula (Up),30.684,76.86119
Sector 14/15,30.75477,76.76917
Sector 14/25,30.75582,76.76174
Sector 15/10 Panchkula,30.68774,76.84412
Sector 15/11,30.75437,76.77931
Sector 15/14,30.75578,76.7709
Sector 15/16,30.7501,76.77578
Sector 15/24,30.74999,76.76614
Sector 15D/14,30.75386,76.76774
Sector 15 market,30.75199,76.77281
Sector 16/10 General Hospital,30.75143,76.7816
Sector 16/15,30.74888,76.77412
Sector 16/17,30.74208,76.77813
Sector 16/17 near Matka Chowk,30.7456,76.78395
Sector 16/23,30.7441,76.77085
Sector 16/9 Panchkula,30.69384,76.84093
Sector 16 Market (Down),30.74666,76.7768
Sector 16 Market (Up),30.74698,76.77654
Sector 17/16,30.74193,76.77829
Sector 17/16 near Matka Chowk,30.7458,76.78462
Sector 17/18,30.73432,76.78109
Sector 17/18 (Govt. Press),30.73926,76.78872
Sector 17/22,30.75307,76.78835
Sector 17/8 Panchkula,30.69937,76.83945
Sector 17/9 K.C (Down),30.74311,76.78887
Sector 17/9 K.C (Up),30.74179,76.78975
Sector 18/17,30.73734,76.78611
Sector 18/17 (Govt. Press),30.74006,76.79106
Sector 18/19,30.72825,76.78555
Sector 18/21,30.73124,76.78176
Sector 18/8,30.73682,76.7941
Sector 18 Market (Down),30.73339,76.78867
Sector 18 Market (Up),30.73388,76.78798
Sector 19/18,30.72802,76.7857
Sector 19/20,30.7252,76.78726
Sector 19/27,30.72508,76.79494
Sector 19/27A,30.72851,76.80038
Sector 19/7,30.73097,76.79945
Sector 19C/27,30.72247,76.79082
Sector 19 Market (Down),30.72863,76.79264
Sector 19 Market (Up),30.72736,76.79408
Sector 20/19,30.72397,76.78806
sector 20/21,30.72361,76.77847
Sector 20/33,30.71934,76.77462
Sector 20B/30A,30.71925,76.7856
Sector 20C/30D,30.71566,76.77962
Sector 20 Market,30.72124,76.78159
Sector 20 Panchkula,30.66839,76.85781
Sector 21/18,30.72973,76.78282
Sector 2/11A PEC,30.76449,76.78788
Sector 2/12,30.76535,76.78824
sector 21/20,30.7246,76.78002
Sector 21/22 Aroma,30.73074,76.77586
Sector 21/34,30.72513,76.76961
Sector 21A/22,30.73263,76.77851
Sector 21 Market,30.72658,76.77692
Sector 21 Market Panchkula,30.67555,76.86416
Sector 22,30.73031,76.76692
Sector 22/17,30.73597,76.7774
Sector 22/23,30.73678,76.76913
Sector 22/23 Panchkula,30.67898,76.8806
Sector 22/35,30.73174,76.7639
Sector 22C(UP/DOWN),30.72735,76.76997
Sector 23/16,30.74353,76.77107
Sector 23/22,30.73563,76.76723
Sector 23/24 Chandigarh,30.74276,76.76179
Sector 23/24 Panchkula,30.66843,76.87815
Sector 23/36,30.73762,76.7595
Sector 23 Market,30.73799,76.76666
Sector 24/15,30.74929,76.76646
Sector 24/23 Chandigarh,30.74424,76.76391
Sector 24/25,30.74837,76.75907
Sector 24/25 Panchkula,30.66799,76.88066
Sector 24/37,30.74268,76.75562
Sector 24 Market,30.74595,76.76135
Sector 25/14,30.75537,76.76182
Sector 25/24,30.74781,76.75808
Sector 25/38 Light Point,30.74733,76.75227
Sector 25 near Dental College,30.74624,76.75545
Sector 26/27,30.72719,76.80326
Sector 26/27 Outer Panchkula,30.65717,76.88791
Sector 26/28 Grain Market,30.72252,76.8079
Sector 26 Panchkula,30.66151,76.88184
Sector 26 Polytechnic College Panchkula,30.65761,76.88121
Sector 27/19,30.725,76.79506
Sector 27/19C,30.7224,76.79089
Sector 27/26,30.72576,76.80446
Sector 27/28,30.72084,76.80262
Sector 27/28 Panchkula,30.65089,76.88035
Sector 27/30,30.71971,76.79228
Sector 27A/19,30.72839,76.80047
Sector 27 Market (Down),30.72279,76.79879
Sector 27 Market (Up),30.72459,76.79693
Sector 28/26 Grain Market,30.7224,76.80765
Sector 28/27,30.71989,76.80105
Sector 28/29,30.71432,76.79767
Sector 28 Market (Down),30.71731,76.8035
Sector 28 Market (Up),30.71577,76.80585
Sector 28 Petrol Pump (Down),30.7152,76.80779
Sector 28 Petrol Pump (Up),30.71504,76.80811
Sector 29/28,30.71311,76.7987
Sector 29/30,30.71377,76.79134
Sector 29/31 (Tribune),30.70814,76.78497
Sector 29/31 (Tribune) Down,30.70803,76.78484
Sector 29/ Industrial Area Phase-1,30.71049,76.80008
Sector 29 Market (Down),30.71073,76.79178
Sector 29 Market (Up),30.7097,76.79198
Sector 30/27,30.71821,76.79367
Sector 30/29,30.71318,76.79033
Sector 30/32 Hospital,30.71139,76.78175
Sector 30A/20B,30.71911,76.78574
Sector 30D/20C,30.71546,76.77982
Sector 30D/32,30.71391,76.77941
Sector 30 Market,30.71524,76.78794
Sector 31/29 (Tribune),30.70502,76.78882
Sector 31/32 Market,30.7068,76.78021
Sector 31 Market,30.70537,76.78011
Sector 32/30D,30.71339,76.7796
Sector 32/30 Hospital,30.7113,76.78155
Sector 32/31,30.70607,76.77894
Sector 32/31 S.D. College,30.70316,76.77439
Sector 32/33,30.7107,76.77224
Sector 32A/33,30.71396,76.77739
Sector 32 Market,30.71051,76.7735
Sector 33/20,30.71634,76.77705
Sector 33/32,30.71079,76.77212
Sector 33/34,30.71656,76.76736
Sector 33/34 Labour chowk,30.71969,76.77228
Sector 33D/32A,30.71404,76.7773
Sector 33 Market,30.71425,76.76931
Sector 34/21,30.72143,76.77233
Sector 34/33,30.71675,76.76719
Sector 34/35,30.72221,76.76184
Sector 34A/35B JW Marriot,30.72477,76.76619
Sector 34D/35C,30.72058,76.75918
Sector 34 Market,30.72028,76.76514
Sector 35/22,30.72744,76.76736
Sector 35/34,30.7235,76.76385
Sector 35/34 Light Point,30.72269,76.76284
Sector 35/36 Flower Market,30.72877,76.75648
Sector 35/36 Kissan bhawan,30.73243,76.76231
Sector 35B/34A JW Marriot,30.72513,76.76632
Sector 35C/34D,30.72016,76.75841
Sector 35 Market (Down),30.72557,76.7597
Sector 36/23,30.7375,76.75922
Sector 36/23 Kissan bhawan,30.73404,76.76194
Sector 36/35 Flower Market,30.72979,76.75773
Sector 36/35 Kissan Bhawan,30.73256,76.76217
Sector 36/37,30.73495,76.75191
Sector 36B/36C,30.73012,76.75683
Sector 36 Market,30.73139,76.75494
Sector 37/24,30.74123,76.75654
Sector 37/36,30.73301,76.7488
Sector 37/38,30.74207,76.74892
Sector 37/41,30.73553,76.74441
Sector 37 A Bhaskar Chowk,30.74411,76.75217
Sector 37 Market (Down),30.73797,76.74946
Sector 37 Market (Up),30.73806,76.74981
Sector 38/25,30.74712,76.75196
Sector 38/25 Light Point,30.75071,76.74856
Sector 38/37,30.74048,76.74642
Sector 38/38W,30.74703,76.74275
Sector 38/39,30.74835,76.73513
Sector 38/40,30.7414,76.73997
Sector 38 Market,30.74398,76.74525
Sector 38W/38,30.74717,76.74255
Sector 38 West,30.75279,76.73758
Sector 38 West Light Point,30.75043,76.73364
Sector 39/38 west,30.74746,76.73553
Sector 39/40 Towards Sector 25 West,30.73968,76.73054
Sector 39/56,30.74199,76.72335
Sector 39 Market,30.74344,76.7287
Sector 40/38,30.74342,76.73849
Sector 40/39,30.73979,76.7314
Sector 40/41,30.73529,76.73782
Sector 40C/41,30.73172,76.73233
Sector 40 Market,30.73807,76.73341
Sector 4/11,30.6874,76.85599
Sector 41/37,30.73455,76.74489
Sector 41/40,30.73508,76.73799
Sector 41/40 Market,30.7332,76.73481
Sector 41/42,30.73019,76.74052
Sector 41A/40B,30.73729,76.74134
Sector 41 Market Towards 40,30.73199,76.73793
Sector 41 Market Towards 42,30.73149,76.73837
Sector 42/43,30.72284,76.74663
Sector 42/53,30.72394,76.73673
Sector 42 Market towards ISBT 43,30.72468,76.744
Sector 42 Market towards Sector 41,30.72539,76.74331
Sector 43/42,30.72191,76.74554
Sector 43/42-,30.72191,76.74645
Sector 43/44,30.71647,76.7524
Sector 43C,30.71976,76.74816
Sector 43C/44,30.71515,76.75051
Sector 43 In,30.7159,76.74337
Sector 44/43,30.71579,76.75161
Sector 44/45,30.70886,76.75462
Sector 44/51(Colony No. 5),30.70893,76.74899
Sector 44A/43,30.71862,76.75622
Sector 44C Gaushala,30.70718,76.75209
Sector 44 market towards 43,30.71315,76.75239
Sector 44 Market towards 45,30.71319,76.75247
Sector 45/44 Towards ISBT 43,30.7105,76.75741
Sector 45/44 Up Towards Sukhna Lake,30.70892,76.75603
Sector 45/46,30.70502,76.7628
Sector 45A/44B,30.71296,76.76139
Sector 45D/44,30.70756,76.75282
Sector 45 Market,30.70595,76.75744
Sector 46/45,30.70486,76.76293
SECTOR 46/47,30.69882,76.76729
Sector 46A/45,30.70689,76.76599
Sector 46 Market (Down),30.70228,76.76466
Sector 46 Market (Up),30.70107,76.76565
SECTOR 47/46,30.69908,76.76801
Sector 47 Market (Down),30.69639,76.76869
Sector 47 Market - Up,30.69573,76.7698
Sector 47 Outer Towards Ramdarbar,30.69254,76.77154
Sector 48/49 (U.T. Border) (Down),30.68778,76.74991
Sector 48/49 (UT Border) (Up),30.68787,76.74983
Sector 49A/50B,30.69777,76.75163
Sector 49D/50C (U.T. Border),30.69414,76.74571
Sector 49 Market (UP),30.69349,76.75301
Sector 4 Panchkula,30.69039,76.86107
Sector 50/45,30.70366,76.75335
Sector 50/51,30.70347,76.7463
Sector 50B/49A,30.69846,76.75234
Sector 50C/49D(U.T. Border),30.69425,76.74563
Sector 50D/51,30.7022,76.74481
Sector 50 Market (Down),30.70046,76.7485
Sector 50 Market (UP),30.69984,76.74891
Sector 51/44(Colony No. 5),30.70886,76.74851
Sector 51/50,30.70356,76.74621
Sector 51/52,30.70881,76.74051
Sector 51A,30.71141,76.74454
Sector 51 Market,30.70594,76.7433
Sector 52/51,30.7095,76.74149
Sector 52/53,30.71765,76.73477
Sector 53/42,30.72363,76.73654
Sector 53/52,30.71802,76.73572
Sector 53A near Mohali Barrier,30.71319,76.7313
Sector 53 near school,30.71556,76.73333
Sector 54/55,30.72951,76.72891
Sector 55/54,30.72966,76.72876
Sector 55/Phase-1,30.73123,76.71999
Sector 55 Phase 1 (35),30.7323,76.71916
Sector 56/39,30.74122,76.7237
Sector 56/55,30.73478,76.72274
Sector 61/62,30.7016,76.7284
Sector 62/61,30.70192,76.72948
Sector 62/63(U.T. Border),30.69859,76.73811
Sector 63/62(U.T. Border),30.69837,76.73823
Sector 63/64,30.69056,76.73989
Sector 63/64 Light Point,30.68902,76.73737
Sector 63/Phase-9,30.69264,76.73473
Sector 64/63,30.68859,76.73669
Sector 64 Market/Phase 10,30.68785,76.73837
Sector 65/Phase 11,30.67692,76.74873
Sector-66/67 (Mohali),30.67375,76.72745
Sector 66/81(IISER),30.66776,76.73074
Sector 66A/82,30.65624,76.73909
Sector 66/Industrial Area,30.66767,76.73309
Sector 66 Market,30.67343,76.73247
Sector 67/66 (Mohali),30.67385,76.72738
Sector 67/68,30.68063,76.72426
Sector 67/80,30.67861,76.72198
Sector 67 Market,30.68122,76.72896
Sector 68/67,30.68711,76.73196
Sector 68/69,30.69007,76.72322
Sector 68/79,30.68366,76.71783
Sector 69/68,30.69032,76.72322
Sector 69/70,30.69774,76.72288
Sector 70/69,30.6948,76.71766
Sector 7/19,30.73128,76.7995
Sector-72/75,30.70444,76.70007
Sector-74/119,30.71826,76.68844
Sector-75/72,30.70439,76.69994
Sector 7/8,30.73893,76.80296
Sector 7/8 Panchkula,30.703,76.84338
Sector 79/68,30.68349,76.71746
Sector 79/80,30.67707,76.71806
Sector 7 Market,30.73628,76.80085
Sector 80/67,30.6781,76.72209
Sector 80/79,30.67687,76.71829
Sector 81/66(IISER),30.66665,76.73116
Sector 8/17 Panchkula,30.69939,76.83959
Sector 8/18,30.73792,76.79331
Sector 82,30.65544,76.73961
Sector 82/66A,30.65609,76.73885
Sector 82/81,30.66287,76.73339
Sector 82A,30.63836,76.73367
Sector 83/Saini Majra,30.64867,76.72541
Sector 8/5,30.74415,76.80491
Sector 8/7,30.73736,76.80045
Sector 8/9,30.74242,76.79438
Sector 8D/18,30.73958,76.79181
Sector 8 Market,30.73979,76.79736
Sector 9/16 Panchkula,30.69389,76.84115
Sector 9/17,30.74442,76.78766
Sector 9/8,30.74256,76.79419
Sector 9A Parking,30.75256,76.79529
Sector 9D/17,30.74545,76.78683
Sector 9 Market (Down),30.74732,76.79394
Sector 9 Market (Up),30.74784,76.79356
SGGS-26 College,30.73255,76.80957
SGGS-26 Girls College,30.73134,76.81019
"SGGS COLLEGIATE PUBLIC SCHOOL, SECTOR-26, Chandigarh",30.73249,76.8086
"SHARDA SARVHITKARI MODEL SENIOR SECONDARY SCHOOL, SECTOR 40 D",30.7369,76.73068
"SHISHU NIKETAN MODEL Sr Sec SCHOOL, SECTOR -22D, Chandigarh",30.73297,76.76525
"SHIVALIK PUBLIC SCHOOL, SECTOR 41 B",30.73298,76.74132
Sialba Majri,30.84134,76.66743
Singhpura (Down),30.62683,76.82402
Singhpura (UP),30.63186,76.82333
Siyonk/Soonak,30.80233,76.77248
Sohana,30.69122,76.70987
Sohana Light Point,30.69039,76.7123
Sports Complex,30.73429,76.80258
Sports Complex Kajheri,30.71455,76.73812
"SPORTS COMPLEX, SARANGPUR",30.77868,76.75447
"SPORTS COMPLEX, SECTOR 38",30.74786,76.74007
"SPORTS COMPLEX,SECTOR 56",30.73641,76.72201
"SPORTS COMPLEX, SECTOR-7",30.73407,76.80382
Sri Guru Gobind Singh Sr. Sec. School,30.72538,76.76312
"ST JOSEPH SCHOOL, SECTOR 44",30.71215,76.75062
ST.STEPHEN SCHOOL SECTOR 45 B,30.70855,76.76575
Sukhgarh,30.65566,76.70004
Sukhna Lake,30.74335,76.80886
Sunny-Gilco Park,30.61923,76.70192
Sushma Square,30.64875,76.84351
Tangori,30.59169,76.70513
Tank Chowk,30.7074,76.86459
Tanki Mod,30.61676,76.85737
Tida Cricket Stadium New,30.77887,76.7213
Togan,30.76736,76.73254
T-Point Flyover Derri,30.61685,76.69529
Transport Chowk (Down),30.71822,76.81189
Transport Chowk (Up),30.71674,76.81352
Tribune Chowk,30.70354,76.7897
Tribune Chowk 1,30.70287,76.791
Tribune Chowk 2,30.70461,76.79109
Tribune Chowk / Industrial Phase 1/2,30.70167,76.79236
"TRIBUNE MODEL SCHOOL, SECTOR-29D",30.70987,76.78789
"U.I.E.T. ACADEMIC BLOCK 1, SECTOR 25",30.74791,76.75706
"U.I.E.T. ACADEMIC BLOCK 2, SECTOR 25",30.74885,76.75697
U.T. GUEST HOUSE,30.74232,76.80952
UT Secretariat Towards High Court,30.74989,76.79088
UT Secretariat Towards ISBT 43,30.74913,76.78968
"VACANT FLAT, IN PART 2, MAULI JAGRAN, CHANDIGARH",30.68933,76.81716
Victoria Enclave Zirakpur,30.65212,76.80331
vikasnagar,30.77536,76.7806
Vikas Nagar,30.69008,76.81407
"XEN HORTICULTURE DIVISION, SECTOR - 23C",30.7371,76.76382
YPS CHOWK (Down),30.70591,76.7352
YPS Chowk (Up),30.7057,76.73557
YPS/Sector 52/61,30.70928,76.73132
YPS/Sector 61/52,30.709,76.73128
Zirakpur Bus Stand,30.65917,76.82125
Zirakpur (Down),30.65884,76.82052
Zirakpur/S/Vihar,30.65467,76.82044
Zirakpur (Up),30.65744,76.82091
Bhago Majra,30.67326,76.67115
Mianpurchanger,0,0
Harmilap Nagar,30.67944,76.82526
Railway Crossing Towards 28 Grain Market,30.7125,76.8205
Rani Majra,30.80863,76.703
"RYAN INTERNATIONAL SCHOOL, SECTOR 49-B",30.69447,76.75543
Singha Devi,0,0
TDI CITY,0,0